Date,Open,Close,D/U/I
10/3/2018,57.5,58,INCREASE
10/4/2018,57.7,57,DECREASE
10/5/2018,57,56.1,DECREASE
10/8/2018,55.6,55.9,INCREASE
10/9/2018,55.9,56.7,INCREASE
10/10/2018,56.4,54.1,DECREASE
10/11/2018,53.6,53.6,UNCHANGE
10/12/2018,55.1,55.5,INCREASE
10/15/2018,55.3,54.3,DECREASE
10/16/2018,54.7,55.5,INCREASE
10/17/2018,55.6,55.3,DECREASE
10/18/2018,54.5,54,DECREASE
10/19/2018,54.5,54.8,INCREASE
10/22/2018,54.9,55.2,INCREASE
10/23/2018,54,55.7,INCREASE
10/24/2018,55.7,53.8,DECREASE
10/25/2018,54.4,55,INCREASE
10/26/2018,54,54.1,INCREASE
10/29/2018,54.8,53.1,DECREASE
10/30/2018,52.8,53.3,INCREASE
10/31/2018,54.2,54.7,INCREASE
11/1/2018,54.8,55.6,INCREASE
11/2/2018,52.4,51.9,DECREASE
11/5/2018,51.1,50.4,DECREASE
11/6/2018,50.5,50.9,INCREASE
11/7/2018,51.5,52.5,INCREASE
11/8/2018,52.5,52.1,DECREASE
11/9/2018,51.4,51.1,DECREASE
11/12/2018,49.8,48.5,DECREASE
11/13/2018,47.9,48.1,INCREASE
11/14/2018,48.5,46.7,DECREASE
11/15/2018,47.1,47.9,INCREASE
11/16/2018,47.6,48.4,INCREASE
11/19/2018,47.5,46.5,DECREASE
11/20/2018,44.6,44.2,DECREASE
11/21/2018,44.9,44.2,DECREASE
11/23/2018,43.7,43.1,DECREASE
11/26/2018,43.6,43.7,INCREASE
11/27/2018,42.9,43.6,INCREASE
11/28/2018,44.2,45.2,INCREASE
11/29/2018,45.7,44.9,DECREASE
11/30/2018,45.1,44.6,DECREASE
12/3/2018,46.1,46.2,INCREASE
12/4/2018,45.2,44.2,DECREASE
12/6/2018,42.9,43.7,INCREASE
12/7/2018,43.4,42.1,DECREASE
12/10/2018,41.3,42.4,INCREASE
12/11/2018,42.9,42.2,DECREASE
12/12/2018,42.6,42.3,DECREASE
12/13/2018,42.6,42.7,INCREASE
12/14/2018,42.3,41.4,DECREASE
12/17/2018,41.4,41,DECREASE
12/18/2018,41.3,41.5,INCREASE
12/19/2018,41.5,40.2,DECREASE
12/20/2018,40.1,39.2,DECREASE
12/21/2018,39.2,37.7,DECREASE
12/24/2018,37,36.7,DECREASE
12/26/2018,37.1,39.3,INCREASE
12/27/2018,39,39,UNCHANGE
12/28/2018,39.4,39.1,DECREASE
12/31/2018,39.6,39.4,DECREASE
1/2/2019,38.7,39.5,INCREASE
1/3/2019,36,35.5,DECREASE
1/4/2019,36.1,37.1,INCREASE
1/7/2019,37.2,37,DECREASE
1/8/2019,37.4,37.7,INCREASE
1/9/2019,37.8,38.3,INCREASE
1/10/2019,38.1,38.5,INCREASE
1/11/2019,38.2,38.1,DECREASE
1/14/2019,37.7,37.5,DECREASE
1/15/2019,37.6,38.3,INCREASE
1/16/2019,38.3,38.7,INCREASE
1/17/2019,38.5,39,INCREASE
1/18/2019,39.4,39.2,DECREASE
1/22/2019,39.1,38.3,DECREASE
1/23/2019,38.5,38.5,UNCHANGE
1/24/2019,38.5,38.2,DECREASE
1/25/2019,38.9,39.4,INCREASE
1/28/2019,38.9,39.1,INCREASE
1/29/2019,39.1,38.7,DECREASE
1/30/2019,40.8,41.3,INCREASE
1/31/2019,41.5,41.6,INCREASE
2/1/2019,41.7,41.6,DECREASE
2/4/2019,41.9,42.8,INCREASE
2/5/2019,43.2,43.5,INCREASE
2/6/2019,43.7,43.6,DECREASE
2/7/2019,43.1,42.7,DECREASE
2/8/2019,42.2,42.6,INCREASE
2/11/2019,42.8,42.4,DECREASE
2/12/2019,42.5,42.7,INCREASE
2/13/2019,42.8,42.5,DECREASE
2/14/2019,42.4,42.7,INCREASE
2/15/2019,42.8,42.6,DECREASE
2/19/2019,42.4,42.7,INCREASE
2/20/2019,42.8,43,INCREASE
2/21/2019,43,42.8,DECREASE
2/22/2019,42.9,43.2,INCREASE
2/25/2019,43.5,43.6,INCREASE
2/26/2019,43.4,43.6,INCREASE
2/27/2019,43.3,43.7,INCREASE
2/28/2019,43.6,43.3,DECREASE
3/1/2019,43.6,43.7,INCREASE
3/4/2019,43.9,44,INCREASE
3/5/2019,44,43.9,DECREASE
3/6/2019,43.7,43.6,DECREASE
3/7/2019,43.5,43.1,DECREASE
3/8/2019,42.6,43.2,INCREASE
3/11/2019,43.9,44.7,INCREASE
3/12/2019,45,45.2,INCREASE
3/13/2019,45.6,45.4,DECREASE
3/14/2019,46,45.9,DECREASE
3/15/2019,46.2,46.5,INCREASE
3/18/2019,46.5,47,INCREASE
3/19/2019,47.1,46.6,DECREASE
3/20/2019,46.6,47,INCREASE
3/21/2019,47.5,48.8,INCREASE
3/22/2019,48.8,47.8,DECREASE
3/25/2019,47.9,47.2,DECREASE
3/26/2019,47.9,46.7,DECREASE
3/27/2019,47.2,47.1,DECREASE
3/28/2019,47.2,47.2,UNCHANGE
3/29/2019,47.5,47.5,UNCHANGE
4/1/2019,47.9,47.8,DECREASE
4/2/2019,47.8,48.5,INCREASE
4/3/2019,48.3,48.8,INCREASE
4/4/2019,48.7,48.9,INCREASE
4/5/2019,49.1,49.3,INCREASE
4/8/2019,49.1,50,INCREASE
4/9/2019,50.1,49.9,DECREASE
4/10/2019,49.7,50.2,INCREASE
4/11/2019,50.2,49.7,DECREASE
4/12/2019,49.8,49.7,DECREASE
4/15/2019,49.6,49.8,INCREASE
4/16/2019,49.9,49.8,DECREASE
4/17/2019,49.9,50.8,INCREASE
4/18/2019,50.8,51,INCREASE
4/22/2019,50.7,51.1,INCREASE
4/23/2019,51.1,51.9,INCREASE
4/24/2019,51.8,51.8,UNCHANGE
4/25/2019,51.7,51.3,DECREASE
4/26/2019,51.2,51.1,DECREASE
4/29/2019,51.1,51.2,INCREASE
4/30/2019,50.8,50.2,DECREASE
5/1/2019,52.5,52.6,INCREASE
5/2/2019,52.5,52.3,DECREASE
5/3/2019,52.7,52.9,INCREASE
5/6/2019,51.1,52.1,INCREASE
5/7/2019,51.5,50.7,DECREASE
5/8/2019,50.5,50.7,INCREASE
5/9/2019,50.1,50.2,INCREASE
5/10/2019,49.4,49.3,DECREASE
5/13/2019,46.9,46.4,DECREASE
5/14/2019,46.6,47.2,INCREASE
5/15/2019,46.6,47.7,INCREASE
5/16/2019,47.5,47.5,UNCHANGE
5/17/2019,46.7,47.3,INCREASE
5/20/2019,45.9,45.8,DECREASE
5/21/2019,46.3,46.7,INCREASE
5/22/2019,46.2,45.7,DECREASE
5/23/2019,45,44.9,DECREASE
5/24/2019,45,44.7,DECREASE
5/28/2019,44.7,44.6,DECREASE
5/29/2019,44.1,44.3,INCREASE
5/30/2019,44.5,44.6,INCREASE
5/31/2019,44.1,43.8,DECREASE
6/3/2019,43.9,43.3,DECREASE
6/4/2019,43.9,44.9,INCREASE
6/5/2019,46.1,45.6,DECREASE
6/6/2019,45.8,46.3,INCREASE
6/7/2019,46.6,47.5,INCREASE
6/10/2019,48,48.1,INCREASE
6/11/2019,48.7,48.7,UNCHANGE
6/12/2019,48.5,48.5,UNCHANGE
6/13/2019,48.7,48.5,DECREASE
6/14/2019,47.9,48.2,INCREASE
6/17/2019,48.2,48.5,INCREASE
6/18/2019,49,49.6,INCREASE
6/19/2019,49.9,49.5,DECREASE
6/20/2019,50.1,49.9,DECREASE
6/21/2019,49.7,49.7,UNCHANGE
6/24/2019,49.6,49.6,UNCHANGE
6/25/2019,49.6,48.9,DECREASE
6/26/2019,49.4,50,INCREASE
6/27/2019,50.1,49.9,DECREASE
6/28/2019,49.7,49.5,DECREASE
7/1/2019,50.8,50.4,DECREASE
7/2/2019,50.4,50.7,INCREASE
7/3/2019,50.8,51.1,INCREASE
7/5/2019,50.8,51.1,INCREASE
7/8/2019,50.2,50,DECREASE
7/9/2019,49.8,50.3,INCREASE
7/10/2019,50.5,50.8,INCREASE
7/11/2019,50.8,50.4,DECREASE
7/12/2019,50.6,50.8,INCREASE
7/15/2019,51,51.3,INCREASE
7/16/2019,51.1,51.1,UNCHANGE
7/17/2019,51,50.8,DECREASE
7/18/2019,51,51.4,INCREASE
7/19/2019,51.4,50.6,DECREASE
7/22/2019,50.9,51.8,INCREASE
7/23/2019,52.1,52.2,INCREASE
7/24/2019,51.9,52.2,INCREASE
7/25/2019,52.2,51.8,DECREASE
7/26/2019,51.9,51.9,UNCHANGE
7/29/2019,52.1,52.4,INCREASE
7/30/2019,52.2,52.2,UNCHANGE
7/31/2019,54.1,53.3,DECREASE
8/1/2019,53.5,52.1,DECREASE
8/2/2019,51.4,51,DECREASE
8/5/2019,49.5,48.3,DECREASE
8/6/2019,49.1,49.3,INCREASE
8/7/2019,48.9,49.8,INCREASE
8/8/2019,50,50.9,INCREASE
8/9/2019,50.3,50.2,DECREASE
8/12/2019,49.9,50.1,INCREASE
8/13/2019,50.3,52.2,INCREASE
8/14/2019,50.8,50.7,DECREASE
8/15/2019,50.9,50.4,DECREASE
8/16/2019,51.1,51.6,INCREASE
8/19/2019,52.7,52.6,DECREASE
8/20/2019,52.7,52.6,DECREASE
8/21/2019,53.2,53.2,UNCHANGE
8/22/2019,53.3,53.1,DECREASE
8/23/2019,52.4,50.7,DECREASE
8/26/2019,51.5,51.6,INCREASE
8/27/2019,52,51,DECREASE
8/28/2019,51,51.4,INCREASE
8/29/2019,52.1,52.3,INCREASE
8/30/2019,52.5,52.2,DECREASE
9/3/2019,51.6,51.4,DECREASE
9/4/2019,52.1,52.3,INCREASE
9/5/2019,53,53.3,INCREASE
9/6/2019,53.5,53.3,DECREASE
9/9/2019,53.7,53.5,DECREASE
9/10/2019,53.5,54.2,INCREASE
9/11/2019,54.5,55.9,INCREASE
9/12/2019,56.2,55.8,DECREASE
9/13/2019,55,54.7,DECREASE
9/16/2019,54.4,55,INCREASE
9/17/2019,55,55.2,INCREASE
9/18/2019,55.3,55.7,INCREASE
9/19/2019,55.5,55.2,DECREASE
9/20/2019,55.3,54.4,DECREASE
9/23/2019,54.7,54.7,UNCHANGE
9/24/2019,55.3,54.4,DECREASE
9/25/2019,54.6,55.3,INCREASE
9/26/2019,55,55,UNCHANGE
9/27/2019,55.1,54.7,DECREASE
9/30/2019,55.2,56,INCREASE
10/1/2019,56.3,56.1,DECREASE
10/2/2019,55.8,54.7,DECREASE
10/3/2019,54.6,55.2,INCREASE
10/4/2019,56.4,56.8,INCREASE
10/7/2019,56.6,56.8,INCREASE
10/8/2019,56.5,56.1,DECREASE
10/9/2019,56.8,56.8,UNCHANGE
10/10/2019,57,57.5,INCREASE
10/11/2019,58.2,59.1,INCREASE
10/14/2019,58.7,59,INCREASE
10/15/2019,59.1,58.8,DECREASE
10/16/2019,58.3,58.6,INCREASE
10/17/2019,58.8,58.8,UNCHANGE
10/18/2019,58.6,59.1,INCREASE
10/21/2019,59.4,60.1,INCREASE
10/22/2019,60.3,60,DECREASE
10/23/2019,60.5,60.8,INCREASE
10/24/2019,61.1,60.9,DECREASE
10/25/2019,60.8,61.6,INCREASE
10/28/2019,61.9,62.3,INCREASE
10/29/2019,62.2,60.8,DECREASE
10/30/2019,61.2,60.8,DECREASE
10/31/2019,61.8,62.2,INCREASE
11/1/2019,62.4,64,INCREASE
11/4/2019,64.3,64.4,INCREASE
11/5/2019,64.3,64.3,UNCHANGE
11/6/2019,64.2,64.3,INCREASE
11/7/2019,64.7,64.9,INCREASE
11/8/2019,64.7,65,INCREASE
11/11/2019,64.6,65.6,INCREASE
11/12/2019,65.4,65.5,INCREASE
11/13/2019,65.3,66.1,INCREASE
11/14/2019,65.9,65.7,DECREASE
11/15/2019,65.9,66.4,INCREASE
11/18/2019,66.4,66.8,INCREASE
11/19/2019,67,66.6,DECREASE
11/20/2019,66.4,65.8,DECREASE
11/21/2019,65.9,65.5,DECREASE
11/22/2019,65.6,65.4,DECREASE
11/25/2019,65.7,66.6,INCREASE
11/26/2019,66.7,66.1,DECREASE
11/27/2019,66.4,67,INCREASE
11/29/2019,66.7,66.8,INCREASE
12/2/2019,66.8,66,DECREASE
12/3/2019,64.6,64.9,INCREASE
12/4/2019,65.3,65.4,INCREASE
12/5/2019,65.9,66.4,INCREASE
12/6/2019,66.9,67.7,INCREASE
12/9/2019,67.5,66.7,DECREASE
12/10/2019,67.2,67.1,DECREASE
12/11/2019,67.2,67.7,INCREASE
12/12/2019,66.9,67.9,INCREASE
12/13/2019,67.9,68.8,INCREASE
12/16/2019,69.3,70,INCREASE
12/17/2019,69.9,70.1,INCREASE
12/18/2019,69.9,69.9,UNCHANGE
12/19/2019,69.9,70,INCREASE
12/20/2019,70.6,69.9,DECREASE
12/23/2019,70.1,71,INCREASE
12/24/2019,71.2,71.1,DECREASE
12/26/2019,71.2,72.5,INCREASE
12/27/2019,72.8,72.4,DECREASE
12/30/2019,72.4,72.9,INCREASE
12/31/2019,72.5,73.4,INCREASE
1/2/2020,74.1,75.1,INCREASE
1/3/2020,74.3,74.4,INCREASE
1/6/2020,73.4,74.9,INCREASE
1/7/2020,75,74.6,DECREASE
1/8/2020,74.3,75.8,INCREASE
1/9/2020,76.8,77.4,INCREASE
1/10/2020,77.7,77.6,DECREASE
1/13/2020,77.9,79.2,INCREASE
1/14/2020,79.2,78.2,DECREASE
1/15/2020,78,77.8,DECREASE
1/16/2020,78.4,78.8,INCREASE
1/17/2020,79.1,79.7,INCREASE
1/21/2020,79.3,79.1,DECREASE
1/22/2020,79.6,79.4,DECREASE
1/23/2020,79.5,79.8,INCREASE
1/24/2020,80.1,79.6,DECREASE
1/27/2020,77.5,77.2,DECREASE
1/28/2020,78.2,79.4,INCREASE
1/29/2020,81.1,81.1,UNCHANGE
1/30/2020,80.1,81,INCREASE
1/31/2020,80.2,77.4,DECREASE
2/3/2020,76.1,77.2,INCREASE
2/4/2020,78.8,79.7,INCREASE
2/5/2020,80.9,80.4,DECREASE
2/6/2020,80.6,81.3,INCREASE
2/7/2020,80.6,80,DECREASE
2/10/2020,78.5,80.4,INCREASE
2/11/2020,80.9,79.9,DECREASE
2/12/2020,80.4,81.8,INCREASE
2/13/2020,81,81.2,INCREASE
2/14/2020,81.2,81.2,UNCHANGE
2/18/2020,78.8,79.8,INCREASE
2/19/2020,80,80.9,INCREASE
2/20/2020,80.7,80.1,DECREASE
2/21/2020,79.7,78.3,DECREASE
2/24/2020,74.3,74.5,INCREASE
2/25/2020,75.2,72,DECREASE
2/26/2020,71.6,73.2,INCREASE
2/27/2020,70.3,68.4,DECREASE
2/28/2020,64.3,68.3,INCREASE
3/2/2020,70.6,74.7,INCREASE
3/3/2020,75.9,72.3,DECREASE
3/4/2020,74.1,75.7,INCREASE
3/5/2020,73.9,73.2,DECREASE
3/6/2020,70.5,72.3,INCREASE
3/9/2020,65.9,66.5,INCREASE
3/10/2020,69.3,71.3,INCREASE
3/11/2020,69.3,68.9,DECREASE
3/12/2020,64,62.1,DECREASE
3/13/2020,66.2,69.5,INCREASE
3/16/2020,60.5,60.6,INCREASE
3/17/2020,61.9,63.2,INCREASE
3/18/2020,59.9,61.7,INCREASE
3/19/2020,61.8,61.2,DECREASE
3/20/2020,61.8,57.3,DECREASE
3/23/2020,57,56.1,DECREASE
3/24/2020,59.1,61.7,INCREASE
3/25/2020,62.7,61.4,DECREASE
3/26/2020,61.6,64.6,INCREASE
3/27/2020,63.2,61.9,DECREASE
3/30/2020,62.7,63.7,INCREASE
3/31/2020,63.9,63.6,DECREASE
4/1/2020,61.6,60.2,DECREASE
4/2/2020,60.1,61.2,INCREASE
4/3/2020,60.7,60.4,DECREASE
4/6/2020,62.7,65.6,INCREASE
4/7/2020,67.7,64.9,DECREASE
4/8/2020,65.7,66.5,INCREASE
4/9/2020,67.2,67,DECREASE
4/13/2020,67.1,68.3,INCREASE
4/14/2020,70,71.8,INCREASE
4/15/2020,70.6,71.1,INCREASE
4/16/2020,71.8,71.7,DECREASE
4/17/2020,71.2,70.7,DECREASE
4/20/2020,69.5,69.2,DECREASE
4/21/2020,69.1,67.1,DECREASE
4/22/2020,68.4,69,INCREASE
4/23/2020,69,68.8,DECREASE
4/24/2020,69.3,70.7,INCREASE
4/27/2020,70.4,70.8,INCREASE
4/28/2020,71.3,69.6,DECREASE
4/29/2020,71.2,71.9,INCREASE
4/30/2020,72.5,73.4,INCREASE
5/1/2020,71.6,72.3,INCREASE
5/4/2020,72.3,73.3,INCREASE
5/5/2020,73.8,74.4,INCREASE
5/6/2020,75.1,75.2,INCREASE
5/7/2020,75.8,75.9,INCREASE
5/8/2020,76.4,77.5,INCREASE
5/11/2020,77,78.8,INCREASE
5/12/2020,79.5,77.9,DECREASE
5/13/2020,78,76.9,DECREASE
5/14/2020,76.1,77.4,INCREASE
5/15/2020,75.1,76.9,INCREASE
5/18/2020,78.3,78.7,INCREASE
5/19/2020,78.8,78.3,DECREASE
5/20/2020,79.2,79.8,INCREASE
5/21/2020,79.7,79.2,DECREASE
5/22/2020,78.9,79.7,INCREASE
5/26/2020,80.9,79.2,DECREASE
5/27/2020,79,79.5,INCREASE
5/28/2020,79.2,79.6,INCREASE
5/29/2020,79.8,79.5,DECREASE
6/1/2020,79.4,80.5,INCREASE
6/2/2020,80.2,80.8,INCREASE
6/3/2020,81.2,81.3,INCREASE
6/4/2020,81.1,80.6,DECREASE
6/5/2020,80.8,82.9,INCREASE
6/8/2020,82.6,83.4,INCREASE
6/9/2020,83,86,INCREASE
6/10/2020,87,88.2,INCREASE
6/11/2020,87.3,84,DECREASE
6/12/2020,86.2,84.7,DECREASE
6/15/2020,83.3,85.7,INCREASE
6/16/2020,87.9,88,INCREASE
6/17/2020,88.8,87.9,DECREASE
6/18/2020,87.9,87.9,UNCHANGE
6/19/2020,88.7,87.4,DECREASE
6/22/2020,87.8,89.7,INCREASE
6/23/2020,91,91.6,INCREASE
6/24/2020,91.3,90,DECREASE
6/25/2020,90.2,91.2,INCREASE
6/26/2020,91.1,88.4,DECREASE
6/29/2020,88.3,90.4,INCREASE
6/30/2020,90,91.2,INCREASE
7/1/2020,91.3,91,DECREASE
7/2/2020,92,91,DECREASE
7/6/2020,92.5,93.5,INCREASE
7/7/2020,93.9,93.2,DECREASE
7/8/2020,94.2,95.3,INCREASE
7/9/2020,96.3,95.8,DECREASE
7/10/2020,95.3,95.9,INCREASE
7/13/2020,97.3,95.5,DECREASE
7/14/2020,94.8,97.1,INCREASE
7/15/2020,99,97.7,DECREASE
7/16/2020,96.6,96.5,DECREASE
7/17/2020,97,96.3,DECREASE
7/20/2020,96.4,98.4,INCREASE
7/21/2020,99.2,97,DECREASE
7/22/2020,96.7,97.3,INCREASE
7/23/2020,97,92.8,DECREASE
7/24/2020,91,92.6,INCREASE
7/27/2020,93.7,94.8,INCREASE
7/28/2020,94.4,93.3,DECREASE
7/29/2020,93.8,95,INCREASE
7/30/2020,94.2,96.2,INCREASE
7/31/2020,102.9,106.3,INCREASE
8/3/2020,108.2,108.9,INCREASE
8/4/2020,109.1,109.7,INCREASE
8/5/2020,109.4,110.1,INCREASE
8/6/2020,110.4,113.9,INCREASE
8/7/2020,113.2,111.1,DECREASE
8/10/2020,112.6,112.7,INCREASE
8/11/2020,112,109.4,DECREASE
8/12/2020,110.5,113,INCREASE
8/13/2020,114.4,115,INCREASE
8/14/2020,114.8,114.9,INCREASE
8/17/2020,116.1,114.6,DECREASE
8/18/2020,114.4,115.6,INCREASE
8/19/2020,116,115.7,DECREASE
8/20/2020,115.8,118.3,INCREASE
8/21/2020,119.3,124.4,INCREASE
8/24/2020,128.7,125.9,DECREASE
8/25/2020,124.7,124.8,INCREASE
8/26/2020,126.2,126.5,INCREASE
8/27/2020,127.1,125,DECREASE
8/28/2020,126,124.8,DECREASE
8/31/2020,127.6,129,INCREASE
9/1/2020,132.8,134.2,INCREASE
9/2/2020,137.6,131.4,DECREASE
9/3/2020,126.9,120.9,DECREASE
9/4/2020,120.1,121,INCREASE
9/8/2020,113.9,112.8,DECREASE
9/9/2020,117.3,117.3,UNCHANGE
9/10/2020,120.4,113.5,DECREASE
9/11/2020,114.6,112,DECREASE
9/14/2020,114.7,115.4,INCREASE
9/15/2020,118.3,115.5,DECREASE
9/16/2020,115.2,112.1,DECREASE
9/17/2020,109.7,110.3,INCREASE
9/18/2020,110.4,106.8,DECREASE
9/21/2020,104.5,110.1,INCREASE
9/22/2020,112.7,111.8,DECREASE
9/23/2020,111.6,107.1,DECREASE
9/24/2020,105.2,108.2,INCREASE
9/25/2020,108.4,112.3,INCREASE
9/28/2020,115,115,UNCHANGE
9/29/2020,114.6,114.1,DECREASE
9/30/2020,113.8,115.8,INCREASE
10/1/2020,117.6,116.8,DECREASE
10/2/2020,112.9,113,INCREASE
10/5/2020,113.9,116.5,INCREASE
10/6/2020,115.7,113.2,DECREASE
10/7/2020,114.6,115.1,INCREASE
10/8/2020,116.3,115,DECREASE
10/9/2020,115.3,117,INCREASE
10/12/2020,120.1,124.4,INCREASE
10/13/2020,125.3,121.1,DECREASE
10/14/2020,121,121.2,INCREASE
10/15/2020,118.7,120.7,INCREASE
10/16/2020,121.3,119,DECREASE
10/19/2020,120,116,DECREASE
10/20/2020,116.2,117.5,INCREASE
10/21/2020,116.7,116.9,INCREASE
10/22/2020,117.4,115.8,DECREASE
10/23/2020,116.4,115,DECREASE
10/26/2020,114,115.1,INCREASE
10/27/2020,115.5,116.6,INCREASE
10/28/2020,115.1,111.2,DECREASE
10/29/2020,112.4,115.3,INCREASE
10/30/2020,111.1,108.9,DECREASE
11/2/2020,109.1,108.8,DECREASE
11/3/2020,109.7,110.4,INCREASE
11/4/2020,114.1,114.9,INCREASE
11/5/2020,117.9,119,INCREASE
11/6/2020,118.3,118.7,INCREASE
11/9/2020,120.5,116.3,DECREASE
11/10/2020,115.6,116,INCREASE
11/11/2020,117.2,119.5,INCREASE
11/12/2020,119.6,119.2,DECREASE
11/13/2020,119.4,119.3,DECREASE
11/16/2020,118.9,120.3,INCREASE
11/17/2020,119.6,119.4,DECREASE
11/18/2020,118.6,118,DECREASE
11/19/2020,117.6,118.6,INCREASE
11/20/2020,118.6,117.3,DECREASE
11/23/2020,117.2,113.8,DECREASE
11/24/2020,113.9,115.2,INCREASE
11/25/2020,115.6,116,INCREASE
11/27/2020,116.6,116.6,UNCHANGE
11/30/2020,117,119.1,INCREASE
12/1/2020,121,122.7,INCREASE
12/2/2020,122,123.1,INCREASE
12/3/2020,123.5,122.9,DECREASE
12/4/2020,122.6,122.3,DECREASE
12/7/2020,122.3,123.8,INCREASE
12/8/2020,124.4,124.4,UNCHANGE
12/9/2020,124.5,121.8,DECREASE
12/10/2020,120.5,123.2,INCREASE
12/11/2020,122.4,122.4,UNCHANGE
12/14/2020,122.6,121.8,DECREASE
12/15/2020,124.3,127.9,INCREASE
12/16/2020,127.4,127.8,INCREASE
12/17/2020,128.9,128.7,DECREASE
12/18/2020,129,126.7,DECREASE
12/21/2020,125,128.2,INCREASE
12/22/2020,131.6,131.9,INCREASE
12/23/2020,132.2,131,DECREASE
12/24/2020,131.3,132,INCREASE
12/28/2020,134,136.7,INCREASE
12/29/2020,138.1,134.9,DECREASE
12/30/2020,135.6,133.7,DECREASE
12/31/2020,134.1,132.7,DECREASE
1/4/2021,133.5,129.4,DECREASE
1/5/2021,128.9,131,INCREASE
1/6/2021,127.7,126.6,DECREASE
1/7/2021,128.4,130.9,INCREASE
1/8/2021,132.4,132.1,DECREASE
1/11/2021,129.2,129,DECREASE
1/12/2021,128.5,128.8,INCREASE
1/13/2021,128.8,130.9,INCREASE
1/14/2021,130.8,128.9,DECREASE
1/15/2021,128.8,127.1,DECREASE
1/19/2021,127.8,127.8,UNCHANGE
1/20/2021,128.7,132,INCREASE
1/21/2021,133.8,136.9,INCREASE
1/22/2021,136.3,139.1,INCREASE
1/25/2021,143.1,142.9,DECREASE
1/26/2021,143.6,143.2,DECREASE
1/27/2021,143.4,142.1,DECREASE
1/28/2021,139.5,137.1,DECREASE
1/29/2021,135.8,132,DECREASE
2/1/2021,133.8,134.1,INCREASE
2/2/2021,135.7,135,DECREASE
2/3/2021,135.8,133.9,DECREASE
2/4/2021,136.3,137.4,INCREASE
2/5/2021,137.4,136.8,DECREASE
2/8/2021,136,136.9,INCREASE
2/9/2021,136.6,136,DECREASE
2/10/2021,136.5,135.4,DECREASE
2/11/2021,135.9,135.1,DECREASE
2/12/2021,134.4,135.4,INCREASE
2/16/2021,135.5,133.2,DECREASE
2/17/2021,131.3,130.8,DECREASE
2/18/2021,129.2,129.7,INCREASE
2/19/2021,130.2,129.9,DECREASE
2/22/2021,128,126,DECREASE
2/23/2021,123.8,125.9,INCREASE
2/24/2021,124.9,125.3,INCREASE
2/25/2021,124.7,121,DECREASE
2/26/2021,122.6,121.3,DECREASE
3/1/2021,123.8,127.8,INCREASE
3/2/2021,128.4,125.1,DECREASE
3/3/2021,124.8,122.1,DECREASE
3/4/2021,121.8,120.1,DECREASE
3/5/2021,121,121.4,INCREASE
3/8/2021,120.9,116.4,DECREASE
3/9/2021,119,121.1,INCREASE
3/10/2021,121.7,120,DECREASE
3/11/2021,122.5,122,DECREASE
3/12/2021,120.4,121,INCREASE
3/15/2021,121.4,124,INCREASE
3/16/2021,125.7,125.6,DECREASE
3/17/2021,124.1,124.8,INCREASE
3/18/2021,122.9,120.5,DECREASE
3/19/2021,119.9,120,INCREASE
3/22/2021,120.3,123.4,INCREASE
3/23/2021,123.3,122.5,DECREASE
3/24/2021,122.8,120.1,DECREASE
3/25/2021,119.5,120.6,INCREASE
3/26/2021,120.3,121.2,INCREASE
3/29/2021,121.7,121.4,DECREASE
3/30/2021,120.1,119.9,DECREASE
3/31/2021,121.7,122.2,INCREASE
4/1/2021,123.7,123,DECREASE
4/5/2021,123.9,125.9,INCREASE
4/6/2021,126.5,126.2,DECREASE
4/7/2021,125.8,127.9,INCREASE
4/8/2021,128.9,130.4,INCREASE
4/9/2021,129.8,133,INCREASE
4/12/2021,132.5,131.2,DECREASE
4/13/2021,132.4,134.4,INCREASE
4/14/2021,134.9,132,DECREASE
4/15/2021,133.8,134.5,INCREASE
4/16/2021,134.3,134.2,DECREASE
4/19/2021,133.5,134.8,INCREASE
4/20/2021,135,133.1,DECREASE
4/21/2021,132.4,133.5,INCREASE
4/22/2021,133,131.9,DECREASE
4/23/2021,132.2,134.3,INCREASE
4/26/2021,134.8,134.7,DECREASE
4/27/2021,135,134.4,DECREASE
4/28/2021,134.3,133.6,DECREASE
4/29/2021,136.5,133.5,DECREASE
4/30/2021,131.8,131.5,DECREASE
5/3/2021,132,132.5,INCREASE
5/4/2021,131.2,127.8,DECREASE
5/5/2021,129.2,128.1,DECREASE
5/6/2021,127.9,129.7,INCREASE
5/7/2021,130.9,130.2,DECREASE
5/10/2021,129.4,126.8,DECREASE
5/11/2021,123.5,125.9,INCREASE
5/12/2021,123.4,122.8,DECREASE
5/13/2021,124.6,125,INCREASE
5/14/2021,126.3,127.4,INCREASE
5/17/2021,126.8,126.3,DECREASE
5/18/2021,126.6,124.8,DECREASE
5/19/2021,123.2,124.7,INCREASE
5/20/2021,125.2,127.3,INCREASE
5/21/2021,127.8,125.4,DECREASE
5/24/2021,126,127.1,INCREASE
5/25/2021,127.8,126.9,DECREASE
5/26/2021,127,126.8,DECREASE
5/27/2021,126.4,125.3,DECREASE
5/28/2021,125.6,124.6,DECREASE
6/1/2021,125.1,124.3,DECREASE
6/2/2021,124.3,125.1,INCREASE
6/3/2021,124.7,123.5,DECREASE
6/4/2021,124.1,125.9,INCREASE
6/7/2021,126.2,125.9,DECREASE
6/8/2021,126.6,126.7,INCREASE
6/9/2021,127.2,127.1,DECREASE
6/10/2021,127,126.1,DECREASE
6/11/2021,126.5,127.3,INCREASE
6/14/2021,127.8,130.5,INCREASE
6/15/2021,129.9,129.6,DECREASE
6/16/2021,130.4,130.1,DECREASE
6/17/2021,129.8,131.8,INCREASE
6/18/2021,130.7,130.5,DECREASE
6/21/2021,130.3,132.3,INCREASE
6/22/2021,132.1,134,INCREASE
6/23/2021,133.8,133.7,DECREASE
6/24/2021,134.4,133.4,DECREASE
6/25/2021,133.5,133.1,DECREASE
6/28/2021,133.4,134.8,INCREASE
6/29/2021,134.8,136.3,INCREASE
6/30/2021,136.2,137,INCREASE
7/1/2021,136.6,137.3,INCREASE
7/2/2021,137.9,140,INCREASE
7/6/2021,140.1,142,INCREASE
7/7/2021,143.5,144.6,INCREASE
7/8/2021,141.6,143.2,INCREASE
7/9/2021,142.8,145.1,INCREASE
7/12/2021,146.2,144.5,DECREASE
7/13/2021,144,145.6,INCREASE
7/14/2021,148.1,149.1,INCREASE
7/15/2021,149.2,148.5,DECREASE
7/16/2021,148.5,146.4,DECREASE
7/19/2021,143.8,142.4,DECREASE
7/20/2021,143.5,146.1,INCREASE
7/21/2021,145.5,145.4,DECREASE
7/22/2021,145.9,146.8,INCREASE
7/23/2021,147.6,148.6,INCREASE
7/26/2021,148.3,149,INCREASE
7/27/2021,149.1,146.8,DECREASE
7/28/2021,144.8,145,INCREASE
7/29/2021,144.7,145.6,INCREASE
7/30/2021,144.4,145.9,INCREASE
8/2/2021,146.4,145.5,DECREASE
8/3/2021,145.8,147.4,INCREASE
8/4/2021,147.3,146.9,DECREASE
8/5/2021,147,147.1,INCREASE
8/6/2021,146.4,146.1,DECREASE
8/9/2021,146.2,146.1,DECREASE
8/10/2021,146.4,145.6,DECREASE
8/11/2021,146.1,145.9,DECREASE
8/12/2021,146.2,148.9,INCREASE
8/13/2021,149,149.1,INCREASE
8/16/2021,148.5,151.1,INCREASE
8/17/2021,150.2,150.2,UNCHANGE
8/18/2021,149.8,146.4,DECREASE
8/19/2021,145,146.7,INCREASE
8/20/2021,147.4,148.2,INCREASE
8/23/2021,148.3,149.7,INCREASE
8/24/2021,149.4,149.6,INCREASE
8/25/2021,149.8,148.4,DECREASE
8/26/2021,148.4,147.5,DECREASE
8/27/2021,147.5,148.6,INCREASE
8/30/2021,149,153.1,INCREASE
8/31/2021,152.7,151.8,DECREASE
9/1/2021,152.8,152.5,DECREASE
9/2/2021,153.9,153.6,DECREASE
9/3/2021,153.8,154.3,INCREASE
9/7/2021,155,156.7,INCREASE
9/8/2021,157,155.1,DECREASE
9/9/2021,155.5,154.1,DECREASE
9/10/2021,155,149,DECREASE
9/13/2021,150.6,149.6,DECREASE
9/14/2021,150.4,148.1,DECREASE
9/15/2021,148.6,149,INCREASE
9/16/2021,148.4,148.8,INCREASE
9/17/2021,148.8,146.1,DECREASE
9/20/2021,143.8,142.9,DECREASE
9/21/2021,143.9,143.4,DECREASE
9/22/2021,144.4,145.9,INCREASE
9/23/2021,146.6,146.8,INCREASE
9/24/2021,145.7,146.9,INCREASE
9/27/2021,145.5,145.4,DECREASE
9/28/2021,143.3,141.9,DECREASE
9/29/2021,142.5,142.8,INCREASE
9/30/2021,143.7,141.5,DECREASE
10/1/2021,141.9,142.6,INCREASE
10/4/2021,141.8,139.1,DECREASE
10/5/2021,139.5,141.1,INCREASE
10/6/2021,139.5,142,INCREASE
10/7/2021,143.1,143.3,INCREASE
10/8/2021,144,142.9,DECREASE
10/11/2021,142.3,142.8,INCREASE
10/12/2021,143.2,141.5,DECREASE
10/13/2021,141.2,140.9,DECREASE
10/14/2021,142.1,143.8,INCREASE
10/15/2021,143.8,144.8,INCREASE
10/18/2021,143.4,146.6,INCREASE
10/19/2021,147,148.8,INCREASE
10/20/2021,148.7,149.3,INCREASE
10/21/2021,148.8,149.5,INCREASE
10/22/2021,149.7,148.7,DECREASE
10/25/2021,148.7,148.6,DECREASE
10/26/2021,149.3,149.3,UNCHANGE
10/27/2021,149.4,148.9,DECREASE
10/28/2021,149.8,152.6,INCREASE
10/29/2021,147.2,149.8,INCREASE
11/1/2021,149,149,UNCHANGE
11/2/2021,148.7,150,INCREASE
11/3/2021,150.4,151.5,INCREASE
11/4/2021,151.6,151,DECREASE
11/5/2021,151.9,151.3,DECREASE
11/8/2021,151.4,150.4,DECREASE
11/9/2021,150.2,150.8,INCREASE
11/10/2021,150,147.9,DECREASE
11/11/2021,149,147.9,DECREASE
11/12/2021,148.4,150,INCREASE
11/15/2021,150.4,150,DECREASE
11/16/2021,149.9,151,INCREASE
11/17/2021,151,153.5,INCREASE
11/18/2021,153.7,157.9,INCREASE
11/19/2021,157.6,160.6,INCREASE
11/22/2021,161.7,161,DECREASE
11/23/2021,161.1,161.4,INCREASE
11/24/2021,160.8,161.9,INCREASE
11/26/2021,159.6,156.8,DECREASE
11/29/2021,159.4,160.2,INCREASE
11/30/2021,160,165.3,INCREASE
12/1/2021,167.5,164.8,DECREASE
12/2/2021,158.7,163.8,INCREASE
12/3/2021,164,161.8,DECREASE
12/6/2021,164.3,165.3,INCREASE
12/7/2021,169.1,171.2,INCREASE
12/8/2021,172.1,175.1,INCREASE
12/9/2021,174.9,174.6,DECREASE
12/10/2021,175.2,179.4,INCREASE
12/13/2021,181.1,175.7,DECREASE
12/14/2021,175.3,174.3,DECREASE
12/15/2021,175.1,179.3,INCREASE
12/16/2021,179.3,172.3,DECREASE
12/17/2021,169.9,171.1,INCREASE
12/20/2021,168.3,169.8,INCREASE
12/21/2021,171.6,173,INCREASE
12/22/2021,173,175.6,INCREASE
12/23/2021,175.9,176.3,INCREASE
12/27/2021,177.1,180.3,INCREASE
12/28/2021,180.2,179.3,DECREASE
12/29/2021,179.3,179.4,INCREASE
12/30/2021,179.5,178.2,DECREASE
12/31/2021,178.1,177.6,DECREASE
1/3/2022,177.8,182,INCREASE
1/4/2022,182.6,179.7,DECREASE
1/5/2022,179.6,174.9,DECREASE
1/6/2022,172.7,172,DECREASE
1/7/2022,172.9,172.2,DECREASE
1/10/2022,169.1,172.2,INCREASE
1/11/2022,172.3,175.1,INCREASE
1/12/2022,176.1,175.5,DECREASE
1/13/2022,175.8,172.2,DECREASE
1/14/2022,171.3,173.1,INCREASE
1/18/2022,171.5,169.8,DECREASE
1/19/2022,170,166.2,DECREASE
1/20/2022,167,164.5,DECREASE
1/21/2022,164.4,162.4,DECREASE
1/24/2022,160,161.6,INCREASE
1/25/2022,159,159.8,INCREASE
1/26/2022,163.5,159.7,DECREASE
1/27/2022,162.4,159.2,DECREASE
1/28/2022,165.7,170.3,INCREASE
1/31/2022,170.2,174.8,INCREASE
2/1/2022,174,174.6,INCREASE
2/2/2022,174.8,175.8,INCREASE
2/3/2022,174.5,172.9,DECREASE
2/4/2022,171.7,172.4,INCREASE
2/7/2022,172.9,171.7,DECREASE
2/8/2022,171.7,174.8,INCREASE
2/9/2022,176.1,176.3,INCREASE
2/10/2022,174.1,172.1,DECREASE
2/11/2022,172.3,168.6,DECREASE
2/14/2022,167.4,168.9,INCREASE
2/15/2022,171,172.8,INCREASE
2/16/2022,171.9,172.6,INCREASE
2/17/2022,171,168.9,DECREASE
2/18/2022,169.8,167.3,DECREASE
2/22/2022,165,164.3,DECREASE
2/23/2022,165.5,160.1,DECREASE
2/24/2022,152.6,162.7,INCREASE
2/25/2022,163.8,164.9,INCREASE
2/28/2022,163.1,165.1,INCREASE
3/1/2022,164.7,163.2,DECREASE
3/2/2022,164.4,166.6,INCREASE
3/3/2022,168.5,166.2,DECREASE
3/4/2022,164.5,163.2,DECREASE
3/7/2022,163.4,159.3,DECREASE
3/8/2022,158.8,157.4,DECREASE
3/9/2022,161.5,162.9,INCREASE
3/10/2022,160.2,158.5,DECREASE
3/11/2022,158.9,154.7,DECREASE
3/14/2022,151.4,150.6,DECREASE
3/15/2022,150.9,155.1,INCREASE
3/16/2022,157.1,159.6,INCREASE
3/17/2022,158.6,160.6,INCREASE
3/18/2022,160.5,164,INCREASE
3/21/2022,163.5,165.4,INCREASE
3/22/2022,165.5,168.8,INCREASE
3/23/2022,168,170.2,INCREASE
3/24/2022,171.1,174.1,INCREASE
3/25/2022,173.9,174.7,INCREASE
3/28/2022,172.2,175.6,INCREASE
3/29/2022,176.7,179,INCREASE
3/30/2022,178.6,177.8,DECREASE
3/31/2022,177.8,174.6,DECREASE
4/1/2022,174,174.3,INCREASE
4/4/2022,174.6,178.4,INCREASE
4/5/2022,177.5,175.1,DECREASE
4/6/2022,172.4,171.8,DECREASE
4/7/2022,171.2,172.1,INCREASE
4/8/2022,171.8,170.1,DECREASE
4/11/2022,168.7,165.8,DECREASE
4/12/2022,168,167.7,DECREASE
4/13/2022,167.4,170.4,INCREASE
4/14/2022,170.6,165.3,DECREASE
4/18/2022,163.9,165.1,INCREASE
4/19/2022,165,167.4,INCREASE
4/20/2022,168.8,167.2,DECREASE
4/21/2022,168.9,166.4,DECREASE
4/22/2022,166.5,161.8,DECREASE
4/25/2022,161.1,162.9,INCREASE
4/26/2022,162.3,156.8,DECREASE
4/27/2022,155.9,156.6,INCREASE
4/28/2022,159.3,163.6,INCREASE
4/29/2022,161.8,157.6,DECREASE
5/2/2022,156.7,158,INCREASE
5/3/2022,158.1,159.5,INCREASE
5/4/2022,159.7,166,INCREASE
5/5/2022,163.9,156.8,DECREASE
5/6/2022,156,157.3,INCREASE
5/9/2022,154.9,152.1,DECREASE
5/10/2022,155.5,154.5,DECREASE
5/11/2022,153.5,146.5,DECREASE
5/12/2022,142.8,142.6,DECREASE
5/13/2022,144.6,147.1,INCREASE
5/16/2022,145.6,145.5,DECREASE
5/17/2022,148.9,149.2,INCREASE
5/18/2022,146.9,140.8,DECREASE
5/19/2022,139.9,137.4,DECREASE
5/20/2022,139.1,137.6,DECREASE
5/23/2022,137.8,143.1,INCREASE
5/24/2022,140.8,140.4,DECREASE
5/25/2022,138.4,140.5,INCREASE
5/26/2022,137.4,143.8,INCREASE
5/27/2022,145.4,149.6,INCREASE
5/31/2022,149.1,148.8,DECREASE
6/1/2022,149.9,148.7,DECREASE
6/2/2022,147.8,151.2,INCREASE
6/3/2022,146.9,145.4,DECREASE
6/6/2022,147,146.1,DECREASE
6/7/2022,144.4,148.7,INCREASE
6/8/2022,148.6,148,DECREASE
6/9/2022,147.1,142.6,DECREASE
6/10/2022,140.3,137.1,DECREASE
6/13/2022,132.9,131.9,DECREASE
6/14/2022,133.1,132.8,DECREASE
6/15/2022,134.3,135.4,INCREASE
6/16/2022,132.1,130.1,DECREASE
6/17/2022,130.1,131.6,INCREASE
6/21/2022,133.4,135.9,INCREASE
6/22/2022,134.8,135.4,INCREASE
6/23/2022,136.8,138.3,INCREASE
6/24/2022,139.9,141.7,INCREASE
6/27/2022,142.7,141.7,DECREASE
6/28/2022,142.1,137.4,DECREASE
6/29/2022,137.5,139.2,INCREASE
6/30/2022,137.3,136.7,DECREASE
7/1/2022,136,138.9,INCREASE
7/5/2022,137.8,141.6,INCREASE
7/6/2022,141.4,142.9,INCREASE
7/7/2022,143.3,146.4,INCREASE
7/8/2022,145.3,147,INCREASE
7/11/2022,145.7,144.9,DECREASE
7/12/2022,145.8,145.9,INCREASE
7/13/2022,143,145.5,INCREASE
7/14/2022,144.1,148.5,INCREASE
7/15/2022,149.8,150.2,INCREASE
7/18/2022,150.7,147.1,DECREASE
7/19/2022,147.9,151,INCREASE
7/20/2022,151.1,153,INCREASE
7/21/2022,154.5,155.4,INCREASE
7/22/2022,155.4,154.1,DECREASE
7/25/2022,154,152.9,DECREASE
7/26/2022,152.3,151.6,DECREASE
7/27/2022,152.6,156.8,INCREASE
7/28/2022,157,157.4,INCREASE
7/29/2022,161.2,162.5,INCREASE
8/1/2022,161,161.5,INCREASE
8/2/2022,160.1,160,DECREASE
8/3/2022,160.8,166.1,INCREASE
8/4/2022,166,165.8,DECREASE
8/5/2022,163.2,165.4,INCREASE
8/8/2022,166.4,164.9,DECREASE
8/9/2022,164,164.9,INCREASE
8/10/2022,167.7,169.2,INCREASE
8/11/2022,170.1,168.5,DECREASE
8/12/2022,169.8,172.1,INCREASE
8/15/2022,171.5,173.2,INCREASE
8/16/2022,172.8,173,INCREASE
8/17/2022,172.8,174.6,INCREASE
8/18/2022,173.8,174.1,INCREASE
8/19/2022,173,171.5,DECREASE
8/22/2022,169.7,167.6,DECREASE
8/23/2022,167.1,167.2,INCREASE
8/24/2022,167.3,167.5,INCREASE
8/25/2022,168.8,170,INCREASE
8/26/2022,170.6,163.6,DECREASE
8/29/2022,161.1,161.4,INCREASE
8/30/2022,162.1,158.9,DECREASE
8/31/2022,160.3,157.2,DECREASE
9/1/2022,156.6,158,INCREASE
9/2/2022,159.8,155.8,DECREASE
9/6/2022,156.5,154.5,DECREASE
9/7/2022,154.8,156,INCREASE
9/8/2022,154.6,154.5,DECREASE
9/9/2022,155.5,157.4,INCREASE
9/12/2022,159.6,163.4,INCREASE
9/13/2022,159.9,153.8,DECREASE
9/14/2022,154.8,155.3,INCREASE
9/15/2022,154.6,152.4,DECREASE
9/16/2022,151.2,150.7,DECREASE
9/19/2022,149.3,154.5,INCREASE
9/20/2022,153.4,156.9,INCREASE
9/21/2022,157.3,153.7,DECREASE
9/22/2022,152.4,152.7,INCREASE
9/23/2022,151.2,150.4,DECREASE
9/26/2022,149.7,150.8,INCREASE
9/27/2022,152.7,151.8,DECREASE
9/28/2022,147.6,149.8,INCREASE
9/29/2022,146.1,142.5,DECREASE
9/30/2022,141.3,138.2,DECREASE
,,Total D: 450,
,,Total U: 33,
,,Total I: 523,
